"","X","huc12","states","name","areasqkm","areaacres","sorted_state"
"21414","21414","010400010201","ME,NH","Swift Cambridge River",92.05,22747.05,"NH"
"214141","21414","010400010201","ME,NH","Swift Cambridge River",92.05,22747.05,"NH"
"22867","22867","010400010203","ME,NH","Umbagog Lake",150.63,37222.61,"NH"
"228671","22867","010400010203","ME,NH","Umbagog Lake",150.63,37222.61,"NH"
"43266","43266","010400010302","CN,ME,NH","West Branch Magalloway River",68.48,16921.55,"NH"
"432661","43266","010400010302","CN,ME,NH","West Branch Magalloway River",68.48,16921.55,"NH"
"43070","43070","010400010303","CN,ME,NH","Parmachenee Lake",144.77,35774.41,"NH"
"430701","43070","010400010303","CN,ME,NH","Parmachenee Lake",144.77,35774.41,"NH"
"21005","21005","010400010304","ME,NH","Little Magalloway River",69.08,17069.5,"NH"
"210051","21005","010400010304","ME,NH","Little Magalloway River",69.08,17069.5,"NH"
"21080","21080","010400010305","ME,NH","Aziscohos Lake",211.61,52290.09,"NH"
"210801","21080","010400010305","ME,NH","Aziscohos Lake",211.61,52290.09,"NH"
"21076","21076","010400010306","ME,NH","Abbott Brook-Magalloway River",78.71,19448.68,"NH"
"210761","21076","010400010306","ME,NH","Abbott Brook-Magalloway River",78.71,19448.68,"NH"
"21079","21079","010400010401","NH","Middle Branch Dead Diamond River",72.97,18032.36,"NH"
"21078","21078","010400010402","NH","West Branch Dead Diamond",42.45,10490.54,"NH"
"16774","16774","010400010403","NH","Nathan Pond Brook-Swift Diamond River",74.27,18352.53,"NH"
"22833","22833","010400010404","NH","Swift Diamond River",102.78,25396.89,"NH"
"20842","20842","010400010405","NH","Dead Diamond River",103.99,25697.03,"NH"
"20838","20838","010400010406","ME,NH","Sturtevant Stream-Magalloway River",108.85,26897.33,"NH"
"208381","20838","010400010406","ME,NH","Sturtevant Stream-Magalloway River",108.85,26897.33,"NH"
"22864","22864","010400010501","NH","Millsfield Pond Brook",43.29,10696.33,"NH"
"20836","20836","010400010502","NH","Clear Stream",122.63,30303.68,"NH"
"21417","21417","010400010601","ME,NH","Mollidgewock Brook",71.24,17602.83,"NH"
"214171","21417","010400010601","ME,NH","Mollidgewock Brook",71.24,17602.83,"NH"
"22865","22865","010400010602","NH","Bog Brook-Androscoggin River",216.48,53492.68,"NH"
"22826","22826","010400010603","ME,NH","Chickwolnepy Stream-Androscoggin Rvier",124.32,30719.1,"NH"
"228261","22826","010400010603","ME,NH","Chickwolnepy Stream-Androscoggin Rvier",124.32,30719.1,"NH"
"100236","100236","010400010604","ME,NH","Stearns Brook",96.24,23781.31,"NH"
"1002361","100236","010400010604","ME,NH","Stearns Brook",96.24,23781.31,"NH"
"100239","100239","010400010605","NH","Horne Brook-Androscoggin River",104.7,25872.23,"NH"
"100241","100241","010400010606","NH","Dead River-Androscoggin River",83.35,20597.44,"NH"
"100307","100307","010400020101","NH","Moose Brook-Androscoggin River",44.91,11098.72,"NH"
"100242","100242","010400020102","NH","Peabody River",120.53,29783.85,"NH"
"100244","100244","010400020103","ME,NH","Lary Brook-Androscoggin River",174.75,43181.18,"NH"
"1002441","100244","010400020103","ME,NH","Lary Brook-Androscoggin River",174.75,43181.18,"NH"
"100245","100245","010400020104","NH","Moose River",60.66,14988.7,"NH"
"100246","100246","010400020201","ME,NH","Wild River",181.79,44920.74,"NH"
"1002461","100246","010400020201","ME,NH","Wild River",181.79,44920.74,"NH"
"100251","100251","010600020101","NH","Headwaters Saco River",74.97,18526.65,"NH"
"100253","100253","010600020102","NH","Sawyer River",61.07,15090.1,"NH"
"100254","100254","010600020103","NH","Rocky Branch",58.53,14463.07,"NH"
"100256","100256","010600020104","NH","Wildcat Brook",60.16,14864.73,"NH"
"100258","100258","010600020105","NH","Ellis River",88.74,21928.81,"NH"
"100260","100260","010600020106","NH","Bartlett Brook-Saco River",102.03,25210.95,"NH"
"100262","100262","010600020107","NH","Dry River",47.41,11716.41,"NH"
"100264","100264","010600020201","NH","Headwaters Swift River",85.86,21216.33,"NH"
"100266","100266","010600020202","NH","Oliverian Brook-Swift River",79.27,19587.68,"NH"
"100268","100268","010600020203","NH","Pequawket Brook",70.28,17366.37,"NH"
"100270","100270","010600020204","NH","Swift River",61.23,15131.14,"NH"
"100271","100271","010600020301","NH","East Branch Saco River",102.51,25331.31,"NH"
"100273","100273","010600020302","NH","Kearsarge Brook-Saco River",99.68,24630.77,"NH"
"100275","100275","010600020303","NH","Conway Lake-Saco River",90.83,22444.42,"NH"
"100277","100277","010600020304","ME,NH","Weeks Brook-Saco River",74.44,18394.68,"NH"
"1002771","100277","010600020304","ME,NH","Weeks Brook-Saco River",74.44,18394.68,"NH"
"100279","100279","010600020401","ME,NH","Charles River",195.81,48385.01,"NH"
"1002791","100279","010600020401","ME,NH","Charles River",195.81,48385.01,"NH"
"22747","22747","010600020404","ME,NH","Old Course Saco River-Saco River",61.18,15118.94,"NH"
"227471","22747","010600020404","ME,NH","Old Course Saco River-Saco River",61.18,15118.94,"NH"
"22745","22745","010600020405","ME,NH","Shepards River",69.44,17158.95,"NH"
"227451","22745","010600020405","ME,NH","Shepards River",69.44,17158.95,"NH"
"21301","21301","010600020406","ME,NH","Lovewell Pond-Saco River",116.19,28709.99,"NH"
"213011","21301","010600020406","ME,NH","Lovewell Pond-Saco River",116.19,28709.99,"NH"
"100282","100282","010600020601","NH","Upper Bearcamp River",58.84,14539.03,"NH"
"100284","100284","010600020602","NH","Cold River",81.02,20021.1,"NH"
"100285","100285","010600020603","NH","Mill Brook-Swift River",120.36,29742.02,"NH"
"100287","100287","010600020604","NH","Chocorua River",57.83,14288.88,"NH"
"22877","22877","010600020605","NH","Lower Bearcamp River",77.44,19136.27,"NH"
"21503","21503","010600020701","NH","Beech River",48.73,12042.43,"NH"
"21296","21296","010600020702","NH","Dan Hole River-Beech River",39.47,9753.36,"NH"
"21295","21295","010600020703","NH","Pine River",142.65,35248.32,"NH"
"22884","22884","010600020801","NH","West Branch",67.37,16647.06,"NH"
"22838","22838","010600020802","NH","Lovell River-Ossipee Lake",76.21,18831.35,"NH"
"21505","21505","010600020803","NH","Danforth Ponds",48.24,11919.75,"NH"
"22875","22875","010600020804","NH","Ossipee Lake-Ossipee River",36.55,9031.31,"NH"
"22879","22879","010600020901","ME,NH","Loon Lake-Ossipee River",49.52,12235.69,"NH"
"228791","22879","010600020901","ME,NH","Loon Lake-Ossipee River",49.52,12235.69,"NH"
"22663","22663","010600020902","ME,NH","South River",81.42,20118.44,"NH"
"226631","22663","010600020902","ME,NH","South River",81.42,20118.44,"NH"
"6952","6952","010600020903","ME,NH","Mill Brook",36.22,8951.04,"NH"
"69521","6952","010600020903","ME,NH","Mill Brook",36.22,8951.04,"NH"
"6949","6949","010600020904","ME,NH","Great Brook-Ossipee River",57.33,14167.65,"NH"
"69491","6949","010600020904","ME,NH","Great Brook-Ossipee River",57.33,14167.65,"NH"
"22657","22657","010600021001","ME,NH","Shapleigh Pond",56.28,13908.13,"NH"
"226571","22657","010600021001","ME,NH","Shapleigh Pond",56.28,13908.13,"NH"
"21407","21407","010600021002","ME,NH","Rock Haven Lake-Little Ossipee River",122.11,30173.83,"NH"
"214071","21407","010600021002","ME,NH","Rock Haven Lake-Little Ossipee River",122.11,30173.83,"NH"
"21889","21889","010600030501","NH","Headwaters Branch River",74.39,18382.93,"NH"
"21914","21914","010600030502","NH","Branch River",70.84,17503.81,"NH"
"21981","21981","010600030503","ME,NH","Headwaters Salmon Falls River",71.77,17733.77,"NH"
"219811","21981","010600030503","ME,NH","Headwaters Salmon Falls River",71.77,17733.77,"NH"
"21913","21913","010600030504","ME,NH","Upper Salmon Falls River",60.16,14865.72,"NH"
"219131","21913","010600030504","ME,NH","Upper Salmon Falls River",60.16,14865.72,"NH"
"21171","21171","010600030506","ME,NH","Middle Salmon Falls River",154.67,38219.07,"NH"
"211711","21171","010600030506","ME,NH","Middle Salmon Falls River",154.67,38219.07,"NH"
"22995","22995","010600030507","ME,NH","Lower Salmon Falls River",56.11,13865.78,"NH"
"229951","22995","010600030507","ME,NH","Lower Salmon Falls River",56.11,13865.78,"NH"
"21176","21176","010600030601","NH","Upper Cocheco River",111.93,27657.75,"NH"
"20474","20474","010600030602","NH","Axe Handle Brook",29.93,7396.99,"NH"
"21169","21169","010600030603","NH","Middle Cocheco River",65.97,16300.65,"NH"
"21572","21572","010600030604","NH","Bow Lake",36.93,9125.15,"NH"
"22999","22999","010600030605","NH","Nippo Brook-Isinglass River",70.37,17389.19,"NH"
"20479","20479","010600030606","NH","Long Pond",41.09,10152.77,"NH"
"21519","21519","010600030607","NH","Isinglass River",43.41,10727.07,"NH"
"21441","21441","010600030608","NH","Lower Cocheco River",81.19,20062.13,"NH"
"22870","22870","010600030701","NH","Headwaters Lamprey River",88.74,21927.81,"NH"
"23180","23180","010600030702","NH","North Branch River",44.71,11047.51,"NH"
"21771","21771","010600030703","NH","Pawtuckaway River-Lamprey River",106.12,26222.33,"NH"
"22647","22647","010600030704","NH","Pawtuckaway Pond",52.82,13052.75,"NH"
"22871","22871","010600030705","NH","Bean River-North River",60.99,15072.15,"NH"
"21971","21971","010600030706","NH","North River",35.82,8851.23,"NH"
"22873","22873","010600030707","NH","Little River",52.38,12943.97,"NH"
"21775","21775","010600030708","NH","Piscassic River",58.72,14510.11,"NH"
"21972","21972","010600030709","NH","Lamprey River",53.38,13190.82,"NH"
"22269","22269","010600030801","NH","Headwaters Exeter River",82.6,20411.5,"NH"
"21561","21561","010600030802","NH","Watson Brook-Exeter River",42.8,10575.21,"NH"
"21508","21508","010600030803","NH","Spruce Swamp-Exeter River",61.44,15181.08,"NH"
"23179","23179","010600030804","NH","Scamen Brook-Little River",41.06,10147.29,"NH"
"21401","21401","010600030805","NH","Exeter River-Squamscott River",50.03,12363.01,"NH"
"21567","21567","010600030806","NH","Squamscott River",52.56,12988.48,"NH"
"21563","21563","010600030901","NH","Winnicut River",45.13,11151.01,"NH"
"22646","22646","010600030902","NH","Oyster River",80.37,19859.5,"NH"
"22996","22996","010600030903","NH","Bellamy River",87.46,21611.46,"NH"
"21969","21969","010600030904","NH","Great Bay",77.79,19223.02,"NH"
"22648","22648","010600031001","ME,NH","Piscataqua River-Frontal Portsmouth Harbor",123.03,30401.63,"NH"
"226481","22648","010600031001","ME,NH","Piscataqua River-Frontal Portsmouth Harbor",123.03,30401.63,"NH"
"21566","21566","010600031002","NH","Berrys Brook-Frontal Rye Harbor",42.97,10617.27,"NH"
"21399","21399","010600031003","NH","Taylor River",59.29,14651.63,"NH"
"81515","81515","010600031004","ME,NH","Rye Harbor-Atlantic Ocean",131.64,32528.07,"NH"
"815151","81515","010600031004","ME,NH","Rye Harbor-Atlantic Ocean",131.64,32528.07,"NH"
"23177","23177","010600031005","MA,NH","Hampton River",78.51,19399.46,"NH"
"231771","23177","010600031005","MA,NH","Hampton River",78.51,19399.46,"NH"
"11013","11013","010600031006","MA,NH","Hampton Harbor Inlet-Atlantic Ocean",92.63,22888.96,"NH"
"110131","11013","010600031006","MA,NH","Hampton Harbor Inlet-Atlantic Ocean",92.63,22888.96,"NH"
"81497","81497","010600031106","ME,NH","York Harbor-Atlantic Ocean",402.28,99405.17,"NH"
"814971","81497","010600031106","ME,NH","York Harbor-Atlantic Ocean",402.28,99405.17,"NH"
"100288","100288","010700010101","NH","North Fork East Branch Pemigewasset River",42.77,10569.74,"NH"
"100290","100290","010700010102","NH","Cedar Brook-East Branch Pemigewasset River",81.94,20247.91,"NH"
"100292","100292","010700010103","NH","Franconia Branch",66.89,16528.04,"NH"
"100294","100294","010700010104","NH","East Branch Pemigewasset River",110.11,27208.41,"NH"
"100295","100295","010700010201","NH","Headwaters Pemigewasset River",91.26,22551.66,"NH"
"100269","100269","010700010202","NH","Moosilauke Brook",71.62,17696.46,"NH"
"100297","100297","010700010203","NH","Glover Brook-Pemigewasset River",50.47,12471.2,"NH"
"100257","100257","010700010204","NH","Eastman Brook",60.13,14859.31,"NH"
"100237","100237","010700010205","NH","Mill Brook-Pemigewasset River",121.53,30031.39,"NH"
"100249","100249","010700010206","NH","West Branch Brook",60.39,14923.37,"NH"
"100240","100240","010700010301","NH","Headwaters Baker River",59.72,14756.43,"NH"
"100265","100265","010700010302","NH","Atwell Brook-Baker River",89.61,22143.23,"NH"
"100298","100298","010700010303","NH","Pond Brook",52.72,13026.53,"NH"
"22876","22876","010700010304","NH","South Branch Baker River",107.76,26629.06,"NH"
"100283","100283","010700010305","NH","Halls Brook-Baker River",97.94,24202.3,"NH"
"100247","100247","010700010306","NH","Stinson Brook",50.6,12502.85,"NH"
"100272","100272","010700010307","NH","Baker River",93.18,23026.26,"NH"
"100263","100263","010700010401","NH","Mad River",160.5,39660,"NH"
"100261","100261","010700010402","NH","Beebe River",77.13,19058.63,"NH"
"100252","100252","010700010403","NH","Bog Brook-Pemigewasset River",63.94,15799.36,"NH"
"100309","100309","010700010404","NH","Clay Brook-Pemigewasset River",56.86,14051.49,"NH"
"22836","22836","010700010501","NH","Squam Lake",113.79,28118.18,"NH"
"22662","22662","010700010502","NH","Squam River",54.84,13551.44,"NH"
"12976","12976","010700010601","NH","Cockermouth River",77.13,19059.81,"NH"
"21291","21291","010700010602","NH","Bog Brook",92.8,22932.25,"NH"
"21504","21504","010700010603","NH","Newfound Lake-Newfound River",85.72,21181.75,"NH"
"21986","21986","010700010701","NH","Headwaters Smith River",120.03,29659.02,"NH"
"21980","21980","010700010702","NH","Smith River",107.48,26559.59,"NH"
"22653","22653","010700010801","NH","Harper Brook-Pemigewasset River",102.88,25421.96,"NH"
"21977","21977","010700010802","NH","Salmon Brook",65.66,16224.51,"NH"
"15298","15298","010700010803","NH","Franklin Falls Dam-Pemigewasset River",103.04,25461.09,"NH"
"21160","21160","010700010804","NH","Sucker Brook-Pemigewasset River",56.35,13924.74,"NH"
"21290","21290","010700020101","NH","Wolfeboro Bay-Frontal Lake Winnipesaukee",149.6,36965.71,"NH"
"15297","15297","010700020102","NH","Watson Brook-Alton Bay",128.73,31809.56,"NH"
"12979","12979","010700020103","NH","Shannon Brook-Moultonborough Bay",127.29,31453.07,"NH"
"21432","21432","010700020104","NH","Melvin River-Frontal Moultonborough Bay",120.27,29719.2,"NH"
"21293","21293","010700020105","NH","Lake Kanasatka-Lake Winnipesaukee",81.01,20017.24,"NH"
"21983","21983","010700020106","NH","The Broads-Lake Winnipeasaukee",157.62,38949.72,"NH"
"22654","22654","010700020107","NH","Gunstock River-Frontal Sanders Bay",72.62,17944.65,"NH"
"15299","15299","010700020108","NH","Lake Waukewan",33.62,8307.21,"NH"
"22658","22658","010700020109","NH","Meredith Bay-Lake Winnipeasaukee",35.94,8881.58,"NH"
"21982","21982","010700020110","NH","Paugus Bay",30.48,7530.95,"NH"
"21314","21314","010700020201","NH","Lake Winnisquam",164.83,40730.36,"NH"
"6940","6940","010700020202","NH","Tioga River",75.21,18584.66,"NH"
"6941","6941","010700020203","NH","Winnipesaukee River",79.54,19654.36,"NH"
"15304","15304","010700030101","NH","Town Farm Brook-Contoocook River",109.85,27145.43,"NH"
"15508","15508","010700030102","NH","Brush Brook",47.12,11644.3,"NH"
"21406","21406","010700030103","NH","Nubanusit Brook",76.76,18968.48,"NH"
"21282","21282","010700030104","NH","Gridley River-Contoocook River",113.77,28114.21,"NH"
"15290","15290","010700030105","NH","Otter Brook",38.6,9537.67,"NH"
"21404","21404","010700030106","NH","Ferguson Brook-Contoocook River",43.6,10774.31,"NH"
"21560","21560","010700030107","NH","Moose Brook-Contoocook River",47.83,11818.73,"NH"
"21964","21964","010700030108","NH","Great Brook-Contoocook River",96.01,23724.83,"NH"
"15507","15507","010700030201","NH","Highland Lake",74.22,18339.69,"NH"
"21968","21968","010700030202","NH","Franklin Pierce Lake",92.92,22960.18,"NH"
"15291","15291","010700030203","NH","Shedd Brook",56.77,14027.08,"NH"
"22998","22998","010700030204","NH","Beard Brook",88.68,21912.13,"NH"
"20688","20688","010700030301","NH","Sand Brook-Contoocook River",63.66,15730.74,"NH"
"21518","21518","010700030302","NH","Amey Brook",53.13,13127.62,"NH"
"6936","6936","010700030303","NH","Hopkinton Lake",32.18,7950.61,"NH"
"15294","15294","010700030304","NH","Hopkinton Lake-Contoocook River",67.6,16704.48,"NH"
"20475","20475","010700030401","NH","Andrew Brook",49.72,12285.78,"NH"
"21573","21573","010700030402","NH","Upper Warner River",117.66,29074.17,"NH"
"21167","21167","010700030403","NH","Lane River",60.92,15054.77,"NH"
"20481","20481","010700030404","NH","Lower Warner River",156.34,38633.64,"NH"
"21175","21175","010700030501","NH","Cascade Brook",86.45,21362.82,"NH"
"21915","21915","010700030502","NH","Frazier Brook-Blackwater River",93.28,23050.99,"NH"
"15293","15293","010700030503","NH","Mountain Brook-Blackwater River",130.62,32275.72,"NH"
"6939","6939","010700030504","NH","Blackwater River",39.27,9704.75,"NH"
"6950","6950","010700030601","NH","Hardy Spring Brook-Contoocook River",38.57,9531.32,"NH"
"21058","21058","010700030602","NH","Deer Meadow Brook",49.69,12278.32,"NH"
"6951","6951","010700030603","NH","Contoocook River",53.67,13261.89,"NH"
"20999","20999","010700040301","MA,NH","Willard Brook",113.27,27990.11,"NH"
"209991","20999","010700040301","MA,NH","Willard Brook",113.27,27990.11,"NH"
"15302","15302","010700040302","MA,NH","Witch Brook-Squannacook River",74.76,18472.78,"NH"
"153021","15302","010700040302","MA,NH","Witch Brook-Squannacook River",74.76,18472.78,"NH"
"21125","21125","010700040401","MA,NH","Nissitissit River",157.17,38837.64,"NH"
"211251","21125","010700040401","MA,NH","Nissitissit River",157.17,38837.64,"NH"
"21121","21121","010700040402","MA,NH","Unkety Brook-Nashua River",149.87,37033.7,"NH"
"211211","21121","010700040402","MA,NH","Unkety Brook-Nashua River",149.87,37033.7,"NH"
"21577","21577","010700060101","NH","Punch Brook-Merrimack River",81.99,20261.3,"NH"
"21059","21059","010700060102","NH","Tannery Brook-Merrimack River",91.07,22504.8,"NH"
"15295","15295","010700060201","NH","Gues Meadow Brook",87.81,21697.8,"NH"
"21138","21138","010700060202","NH","Soucook River",148.96,36808.87,"NH"
"20691","20691","010700060301","NH","Turkey River",96.97,23961.98,"NH"
"20480","20480","010700060302","NH","Bow Bog Brook-Merrimack River",171.33,42336.88,"NH"
"6938","6938","010700060401","NH","Crystal Lake",70.32,17376.27,"NH"
"15292","15292","010700060402","NH","Upper Suncook Lake-Suncook River",113.37,28014.6,"NH"
"21057","21057","010700060403","NH","Big River",75.17,18574.85,"NH"
"15296","15296","010700060501","NH","Perry Brook-Suncook River",138.5,34223.55,"NH"
"21440","21440","010700060502","NH","Little Suncook River",102.67,25369.41,"NH"
"21442","21442","010700060503","NH","Suncook River",162.64,40190.04,"NH"
"21887","21887","010700060601","NH","Weare Reservoir-Piscataquog River",74.71,18460.37,"NH"
"21976","21976","010700060602","NH","Everett Lake-Piscataquog River",85.42,21108.33,"NH"
"21773","21773","010700060603","NH","Gorham Brook-Piscataquog River",37.33,9223.38,"NH"
"12977","12977","010700060604","NH","Headwaters South Branch Piscataquog River",80.68,19935.69,"NH"
"21770","21770","010700060605","NH","Middle Branch Piscataquog River",107.16,26478.8,"NH"
"21512","21512","010700060606","NH","South Branch Piscataquog River",81.22,20069.25,"NH"
"21912","21912","010700060607","NH","Piscataquog River",96.79,23916.17,"NH"
"21774","21774","010700060701","NH","Sucker Brook",76.13,18812.78,"NH"
"21562","21562","010700060702","NH","Massabesic Lake",44.62,11024.62,"NH"
"21405","21405","010700060703","NH","Cohas Brook",60.46,14939,"NH"
"12974","12974","010700060801","NH","Black Brook",57.72,14262.92,"NH"
"21966","21966","010700060802","NH","Browns Brook-Merrimack River",109.12,26963.59,"NH"
"21509","21509","010700060803","NH","Bowman Brook-Merrimack River",45.13,11153.09,"NH"
"21283","21283","010700060804","NH","Little Cohas Brook-Merrimack River",65.47,16176.95,"NH"
"21072","21072","010700060901","MA,NH","Headwaters Souhegan River",76.32,18859.33,"NH"
"210721","21072","010700060901","MA,NH","Headwaters Souhegan River",76.32,18859.33,"NH"
"21130","21130","010700060902","NH","Blood Brook-Souhegan River",96.18,23765.87,"NH"
"15305","15305","010700060903","NH","Stony Brook",86.87,21467.21,"NH"
"21281","21281","010700060904","NH","Purgatory Brook-Souhegan River",46.34,11451.13,"NH"
"21402","21402","010700060905","NH","Baboosic Brook",127.25,31445.12,"NH"
"21280","21280","010700060906","NH","Souhegan River",137.89,34072.29,"NH"
"21129","21129","010700061001","NH","Pennichuck Brook",69.76,17237.99,"NH"
"21150","21150","010700061002","NH","Nesenkeag Brook-Merrimack River",87.54,21632.62,"NH"
"21279","21279","010700061101","NH","Arlington Mill Reservoir",58.08,14352.56,"NH"
"15303","15303","010700061102","MA,NH","Spicket River",142.4,35187.73,"NH"
"153031","15303","010700061102","MA,NH","Spicket River",142.4,35187.73,"NH"
"21070","21070","010700061201","MA,NH","Salmon Brook",80.52,19897.74,"NH"
"210701","21070","010700061201","MA,NH","Salmon Brook",80.52,19897.74,"NH"
"21286","21286","010700061203","NH","Upper Beaver Brook",140.67,34759.32,"NH"
"21128","21128","010700061204","NH","Golden Brook",48.48,11978.44,"NH"
"21069","21069","010700061205","MA,NH","Lower Beaver Brook",55.4,13689.99,"NH"
"210691","21069","010700061205","MA,NH","Lower Beaver Brook",55.4,13689.99,"NH"
"12982","12982","010700061206","MA,NH","Limit Brook-Merrimack River",148.32,36650.97,"NH"
"129821","12982","010700061206","MA,NH","Limit Brook-Merrimack River",148.32,36650.97,"NH"
"20892","20892","010700061207","MA,NH","Fish Brook-Merrimack River",96.48,23840.22,"NH"
"208921","20892","010700061207","MA,NH","Fish Brook-Merrimack River",96.48,23840.22,"NH"
"21307","21307","010700061401","MA,NH","Little River",75.31,18610.34,"NH"
"213071","21307","010700061401","MA,NH","Little River",75.31,18610.34,"NH"
"15542","15542","010700061402","MA,NH","Creek Brook-Merrimack River",121.04,29908.95,"NH"
"155421","15542","010700061402","MA,NH","Creek Brook-Merrimack River",121.04,29908.95,"NH"
"21284","21284","010700061403","MA,NH","Powwow River",153.61,37957.33,"NH"
"212841","21284","010700061403","MA,NH","Powwow River",153.61,37957.33,"NH"
"11004","11004","010700061404","MA,NH","Outlet Merrimack River",135.45,33469.27,"NH"
"110041","11004","010700061404","MA,NH","Outlet Merrimack River",135.45,33469.27,"NH"
"43238","43238","010801010101","ME,NH","Second Connecticut Lake-Connecticut River",119.08,29425.87,"NH"
"432381","43238","010801010101","ME,NH","Second Connecticut Lake-Connecticut River",119.08,29425.87,"NH"
"43234","43234","010801010102","NH","First Connecticut Lake-Connecticut River",96.28,23791.24,"NH"
"43237","43237","010801010103","NH","Perry Stream",79.06,19536.69,"NH"
"43075","43075","010801010104","NH","Lake Francis-Connecticut River",147.12,36353.82,"NH"
"43239","43239","010801010201","CN,NH","Middle Branch Indian Stream",83.87,20723.87,"NH"
"43265","43265","010801010202","NH","Indian Stream",100.04,24720.16,"NH"
"43074","43074","010801010203","NH,VT","Favreau Brook-Connecticut River",56.18,13882.32,"NH"
"430741","43074","010801010203","NH,VT","Favreau Brook-Connecticut River",56.18,13882.32,"NH"
"43072","43072","010801010301","NH","Bishop Brook",55.99,13835.77,"NH"
"43236","43236","010801010303","CN,NH,VT","Halls Stream",160.25,39598.88,"NH"
"432361","43236","010801010303","CN,NH,VT","Halls Stream",160.25,39598.88,"NH"
"43073","43073","010801010305","CN,NH,VT","Willard Stream-Connecticut River",139.92,34574.93,"NH"
"430731","43073","010801010305","CN,NH,VT","Willard Stream-Connecticut River",139.92,34574.93,"NH"
"14737","14737","010801010401","NH","Upper Mohawk River",91.35,22573.11,"NH"
"14736","14736","010801010402","NH","Lower Mohawk River",54.87,13557.98,"NH"
"20835","20835","010801010403","NH","Simms Stream",86.74,21434.97,"NH"
"20837","20837","010801010404","NH,VT","Clough Brook-Connecticut River",86.4,21349.5,"NH"
"208371","20837","010801010404","NH,VT","Clough Brook-Connecticut River",86.4,21349.5,"NH"
"22869","22869","010801010405","NH,VT","Lyman Brook-Connecticut River",103.45,25562.99,"NH"
"228691","22869","010801010405","NH,VT","Lyman Brook-Connecticut River",103.45,25562.99,"NH"
"21416","21416","010801010602","NH","Bog Brook",65.11,16088.15,"NH"
"21513","21513","010801010603","NH,VT","Dennis Pond Brook-Connecticut River",141.46,34956.29,"NH"
"215131","21513","010801010603","NH,VT","Dennis Pond Brook-Connecticut River",141.46,34956.29,"NH"
"100280","100280","010801010701","NH","Headwaters Upper Ammonoosuc River",109,26935.6,"NH"
"100243","100243","010801010702","NH","Higgins Brook-Upper Ammonoosuc River",50.29,12427.62,"NH"
"20829","20829","010801010703","NH","North Branch Upper Ammonoosuc River",63.44,15676.54,"NH"
"22866","22866","010801010704","NH","Phillips Brook",123.73,30574.44,"NH"
"100296","100296","010801010705","NH","Mill Brook",40.56,10022.62,"NH"
"20685","20685","010801010706","NH","Nash Stream",113.74,28105.57,"NH"
"100259","100259","010801010707","NH","Upper Ammonoosuc River",151.24,37372.77,"NH"
"100286","100286","010801010801","NH","Headwaters Israel River",52.99,13093.6,"NH"
"100278","100278","010801010802","NH","Appleby Brook-Mill Brook",42.18,10422.34,"NH"
"100276","100276","010801010803","NH","Stag Hollow Brook-Israel River",49.95,12343,"NH"
"100267","100267","010801010804","NH","Garland Brook",50.6,12503.31,"NH"
"100293","100293","010801010805","NH","Otter Brook",64.89,16034.16,"NH"
"100255","100255","010801010806","NH","Israel River",88.66,21907.37,"NH"
"14808","14808","010801010902","NH,VT","Dean Brook-Connecticut River",95.53,23606,"NH"
"148081","14808","010801010902","NH,VT","Dean Brook-Connecticut River",95.53,23606,"NH"
"16768","16768","010801010903","NH,VT","Mink Brook-Connecticut River",132.78,32810.44,"NH"
"167681","16768","010801010903","NH,VT","Mink Brook-Connecticut River",132.78,32810.44,"NH"
"20827","20827","010801020403","NH,VT","Water Andric-Passumpsic River",76.09,18801.52,"NH"
"208271","20827","010801020403","NH,VT","Water Andric-Passumpsic River",76.09,18801.52,"NH"
"21333","21333","010801030101","NH","Forest Lake-Bog Brook",47.98,11856.9,"NH"
"100299","100299","010801030102","NH","Johns River",144.84,35790.41,"NH"
"14778","14778","010801030201","NH,VT","Miles Stream-Connecticut River",119.43,29511.89,"NH"
"147781","14778","010801030201","NH,VT","Miles Stream-Connecticut River",119.43,29511.89,"NH"
"20828","20828","010801030202","NH,VT","Moore Reservoir-Connecticut River",122.01,30148.3,"NH"
"208281","20828","010801030202","NH,VT","Moore Reservoir-Connecticut River",122.01,30148.3,"NH"
"20747","20747","010801030203","NH,VT","Comerford Station Dam-Connecticut River",86.69,21422.3,"NH"
"207471","20747","010801030203","NH,VT","Comerford Station Dam-Connecticut River",86.69,21422.3,"NH"
"9206","9206","010801030204","NH,VT","Stevens River",119.95,29641.43,"NH"
"92061","9206","010801030204","NH,VT","Stevens River",119.95,29641.43,"NH"
"21335","21335","010801030205","NH,VT","McIndoe Falls-Connecticut River",60.89,15045.57,"NH"
"213351","21335","010801030205","NH,VT","McIndoe Falls-Connecticut River",60.89,15045.57,"NH"
"16019","16019","010801030206","NH,VT","Manchester Brook-Connecticut River",85.73,21184.56,"NH"
"160191","16019","010801030206","NH,VT","Manchester Brook-Connecticut River",85.73,21184.56,"NH"
"100274","100274","010801030301","NH","Headwaters Gale River",54.52,13473.22,"NH"
"100300","100300","010801030302","NH","Meadow Brook-Gale River",64.43,15921.95,"NH"
"100291","100291","010801030303","NH","Ham Branch",78.78,19465.88,"NH"
"100289","100289","010801030304","NH","Gale River",43.65,10785.86,"NH"
"100301","100301","010801030401","NH","Headwaters Ammonoosuc River",86.6,21399.42,"NH"
"100302","100302","010801030402","NH","Zealand River-Ammonoosuc River",140.11,34621.23,"NH"
"21336","21336","010801030403","NH","Baker Brook-Ammonoosuc River",144.47,35700.42,"NH"
"16018","16018","010801030501","NH","Salmon Hole Brook-Ammonoosuc River",52.03,12857.02,"NH"
"14734","14734","010801030502","NH","Ogontz Brook",51.34,12686.77,"NH"
"20731","20731","010801030503","NH","Pearl Lake Brook-Ammonoosuc River",77.81,19226.59,"NH"
"100303","100303","010801030504","NH","Upper Wild Ammonoosuc River",66.45,16421.16,"NH"
"100304","100304","010801030505","NH","Lower Wild Ammonoosuc River",86.7,21424.65,"NH"
"16020","16020","010801030506","NH","Ammonoosuc River",95.48,23594.74,"NH"
"16038","16038","010801030602","NH,VT","Wells River",148.92,36797.9,"NH"
"160381","16038","010801030602","NH,VT","Wells River",148.92,36797.9,"NH"
"100305","100305","010801030701","NH","Oliverian Brook",106.03,26200.01,"NH"
"22750","22750","010801030702","NH,VT","Halls Brook",79.39,19618.13,"NH"
"227501","22750","010801030702","NH,VT","Halls Brook",79.39,19618.13,"NH"
"22749","22749","010801030703","NH,VT","Clark Brook-Connecticut River",127.67,31548.88,"NH"
"227491","22749","010801030703","NH,VT","Clark Brook-Connecticut River",127.67,31548.88,"NH"
"20484","20484","010801040104","NH,VT","Waits River",59.16,14619.34,"NH"
"204841","20484","010801040104","NH,VT","Waits River",59.16,14619.34,"NH"
"100306","100306","010801040201","NH","Eastman Brook",54.3,13417.22,"NH"
"22883","22883","010801040202","NH","Jacobs Brook",70.23,17353.61,"NH"
"22882","22882","010801040203","NH","Clay Brook",49.24,12167.57,"NH"
"14805","14805","010801040204","NH","Grant Brook",42.34,10462.94,"NH"
"21298","21298","010801040205","NH,VT","Lake Morey-Connecticut River",152.52,37687.65,"NH"
"212981","21298","010801040205","NH,VT","Lake Morey-Connecticut River",152.52,37687.65,"NH"
"21410","21410","010801040401","NH","Mink Brook",47.87,11827.73,"NH"
"22644","22644","010801040402","NH,VT","Bloody Brook-Connecticut River",165.3,40846.23,"NH"
"226441","22644","010801040402","NH,VT","Bloody Brook-Connecticut River",165.3,40846.23,"NH"
"22837","22837","010801060101","NH","Canaan Street Lake-Mascoma River",85.85,21214.16,"NH"
"21292","21292","010801060102","NH","Indian River",115.89,28636.99,"NH"
"22661","22661","010801060103","NH","Goose Pond Brook",54.06,13358.75,"NH"
"14782","14782","010801060104","NH","Crystal Lake Brook",45.17,11162.01,"NH"
"21408","21408","010801060105","NH","Mascoma Lake-Mascoma River",96.58,23864.42,"NH"
"22641","22641","010801060106","NH","Mascoma River",106.7,26365.05,"NH"
"14780","14780","010801060301","NH","Bloods Brook",73.31,18114.58,"NH"
"21987","21987","010801060302","NH,VT","Lulls Brook-Connecticut River",139.4,34447.49,"NH"
"219871","21987","010801060302","NH,VT","Lulls Brook-Connecticut River",139.4,34447.49,"NH"
"21917","21917","010801060303","NH","Blow-me-down Brook",72.56,17929.8,"NH"
"22741","22741","010801060305","NH,VT","Hubbard Brook-Connecticut River",91.38,22580.65,"NH"
"227411","22741","010801060305","NH,VT","Hubbard Brook-Connecticut River",91.38,22580.65,"NH"
"21782","21782","010801060401","NH","Sawyer Brook",125.34,30972.78,"NH"
"21157","21157","010801060402","NH","Sunapee Lake",120.86,29864.06,"NH"
"20477","20477","010801060403","NH","South Branch Sugar River",120.01,29654.83,"NH"
"14776","14776","010801060404","NH","North Branch Sugar River",87.72,21675.57,"NH"
"22652","22652","010801060405","NH","Long Pond Brook-Sugar River",82.32,20342.32,"NH"
"21173","21173","010801060406","NH","Quabbinnight Brook-Sugar River",116.49,28784.27,"NH"
"21578","21578","010801060407","NH","Sugar River",61.16,15111.81,"NH"
"21436","21436","010801060603","NH,VT","Williams River",98.82,24419.14,"NH"
"214361","21436","010801060603","NH,VT","Williams River",98.82,24419.14,"NH"
"14775","14775","010801060701","NH","Little Sugar River",78.21,19326.13,"NH"
"21172","21172","010801060702","NH,VT","Spencer Brook-Connecticut River",130.88,32340.79,"NH"
"211721","21172","010801060702","NH,VT","Spencer Brook-Connecticut River",130.88,32340.79,"NH"
"21435","21435","010801060703","NH,VT","Jabes Hackett Brook-Connecticut River",94.05,23240.78,"NH"
"214351","21435","010801060703","NH,VT","Jabes Hackett Brook-Connecticut River",94.05,23240.78,"NH"
"22650","22650","010801070102","NH,VT","Saxtons River",89.62,22145.41,"NH"
"226501","22650","010801070102","NH,VT","Saxtons River",89.62,22145.41,"NH"
"14779","14779","010801070201","NH","Headwaters Cold River",76.24,18839.36,"NH"
"21517","21517","010801070202","NH","Vilas Pool-Cold River",82.68,20431.4,"NH"
"21516","21516","010801070203","NH","Cold River",104.23,25754.97,"NH"
"21886","21886","010801070501","NH,VT","Great Brook-Connecticut River",114.71,28344.31,"NH"
"218861","21886","010801070501","NH,VT","Great Brook-Connecticut River",114.71,28344.31,"NH"
"21772","21772","010801070502","NH,VT","East Putney Brook-Connecticut River",102.9,25428.21,"NH"
"217721","21772","010801070502","NH,VT","East Putney Brook-Connecticut River",102.9,25428.21,"NH"
"21400","21400","010801070503","NH","Partridge Brook",61.2,15123.16,"NH"
"13852","13852","010801070505","NH,VT","Catsbane Brook-Connecticut River",142.69,35259.41,"NH"
"138521","13852","010801070505","NH,VT","Catsbane Brook-Connecticut River",142.69,35259.41,"NH"
"21308","21308","010801070506","NH,VT","Whetstone Brook",71.34,17628.94,"NH"
"213081","21308","010801070506","NH,VT","Whetstone Brook",71.34,17628.94,"NH"
"21131","21131","010801070507","NH,VT","Vernon Dam-Connecticut River",114.66,28332.18,"NH"
"211311","21131","010801070507","NH,VT","Vernon Dam-Connecticut River",114.66,28332.18,"NH"
"15510","15510","010802010101","NH","Ashuelot Pond-Ashuelot River",67.82,16759.9,"NH"
"22639","22639","010802010102","NH","Abbott Brook-Ashuelot River",52.19,12895.28,"NH"
"21975","21975","010802010103","NH","Grassy Brook-Ashuelot River",66.22,16362.77,"NH"
"21965","21965","010802010104","NH","Surry Mountain Dam-Ashuelot River",77.62,19180.12,"NH"
"14769","14769","010802010201","NH","Otter Brook Lake-Otter Brook",122.21,30198.93,"NH"
"15509","15509","010802010202","NH","The Branch-Otter Brook",135.69,33528.7,"NH"
"21510","21510","010802010301","NH","Ash Swamp Brook-Ashuelot River",89.21,22044.19,"NH"
"21149","21149","010802010302","NH","Martin Brook",58.45,14442.13,"NH"
"21309","21309","010802010303","NH","South Branch Ashuelot River",136.53,33737.33,"NH"
"21310","21310","010802010401","NH","Wheelock Brook-Ashuelot River",115.7,28590.09,"NH"
"14770","14770","010802010402","MA,NH","Mirey Brook",75.55,18669.32,"NH"
"147701","14770","010802010402","MA,NH","Mirey Brook",75.55,18669.32,"NH"
"21276","21276","010802010403","NH","Ashuelot River",95.6,23623.72,"NH"
"21071","21071","010802010501","MA,NH,VT","Pauchaug Brook-Connecticut River",149.87,37034.49,"NH"
"210711","21071","010802010501","MA,NH,VT","Pauchaug Brook-Connecticut River",149.87,37034.49,"NH"
"210712","21071","010802010501","MA,NH,VT","Pauchaug Brook-Connecticut River",149.87,37034.49,"NH"
"14744","14744","010802020101","MA,NH","Headwaters Millers River",74.19,18331.61,"NH"
"147441","14744","010802020101","MA,NH","Headwaters Millers River",74.19,18331.61,"NH"
"21126","21126","010802020102","MA,NH","Priest Brook",61.04,15083.12,"NH"
"211261","21126","010802020102","MA,NH","Priest Brook",61.04,15083.12,"NH"
"21124","21124","010802020103","MA,NH","Tarbell Brook-Millers River",156.34,38633.44,"NH"
"211241","21124","010802020103","MA,NH","Tarbell Brook-Millers River",156.34,38633.44,"NH"
"21118","21118","010802020202","MA,NH","Lawrence Brook",68.3,16876.44,"NH"
"211181","21118","010802020202","MA,NH","Lawrence Brook",68.3,16876.44,"NH"
"21123","21123","010802020203","MA,NH","Tully River",121.46,30012.51,"NH"
"211231","21123","010802020203","MA,NH","Tully River",121.46,30012.51,"NH"
"44463","44463","043002020402","CN,ME,NH","Headwaters Salmon River",107.71,26616.46,"NH"
"444631","44463","043002020402","CN,ME,NH","Headwaters Salmon River",107.71,26616.46,"NH"
"44418","44418","043002020403","CN,NH","Ditton River",132.6,32766.41,"NH"
"44456","44456","043002020602","CN,NH","Headwaters North Eaton River",131.72,32548.91,"NH"
"44411","44411","043002020605","CN,NH","Clifton River",96,23722.15,"NH"
"44414","44414","043002020606","CN,NH","Headwaters Eaton River",153.55,37943.18,"NH"
